-- -----------------------------------------------------
-- SELECCION DE LA BASE DE DATOS EN LA QUE SE VA A TRABAJAR
-- -----------------------------------------------------

USE Films;

-- -----------------------------------------------------
-- INCERSIÓN DE DATOS 
-- -----------------------------------------------------

INSERT INTO tipo_Documento VALUES 
	(0001, 'c.c', 'Cédula de Ciudadanía'),
	(0002, 'c.e', 'Cedula Extranjeria'),
	(0003, 'ps', 'Pasaporte');
INSERT INTO  Rol VALUES
	(0004, 'Administrador'),
    (0005, 'Usuario');
INSERT INTO Plan VALUES 
	(0006, 'Plan Basico', 16900, 'Sin contenido Hd ni Ultra Hd y solo una reproducción simultánea en PC, TV, Smartphone, o Tablet.'),
    (0007, 'Plan Estándar',26900, 'Con contenido Hd sin Ultra Hd y dos pantallas simultánes.'),
    (0008, 'Plan Premium', 38900, 'Con contenido Hd y Ultra Hd y permite hasta 4 reproducciones simultáneas.');
INSERT INTO tipo_Pago VALUES
	(0009, 'Tareta de Credito'),
    (0010, 'Tareta Debito'),
    (0011, 'PayPal'),
    (0012, 'Paysafecard'),
    (0013, 'Tareta de Regalo');
INSERT INTO categoria VALUES
	(0013, 'Acción'),
    (0014, 'Aventura'),
    (0015, 'Animación'),
    (0016, 'Anime'),
    (0017, 'Infantil'),
    (0018, 'Comedia'),
    (0019, 'Crimen'),
    (0020, 'Drama'),
    (0021, 'Familia'),
    (0022, 'Fantasía'),
    (0023, 'Documental'),
    (0024, 'Historia'),
    (0025, 'Horror'),
    (0026, 'Misterio'),
    (0027, 'Romance'),
    (0028, 'Cortometraje'),
    (0029, 'Ciencia Ficción'),
    (0030, 'Superhéroe'),
    (0031, 'Suspenso'),
    (0032, 'Guerra'),
    (0033, 'Realidad');
INSERT INTO idioma VALUES
	(0035, 'Español'),
    (0036, 'Ingles'),
    (0037, 'Frances'),
    (0038, 'Italiano');
INSERT INTO usuario VALUES
	(1018472290,'Jose', 'Luis', 'Gonzalez', 'Rodriguez','jlgonzalez092@misena.edu.co', 1018472290, 0001, 0004, 0006),
    (1018472291, 'Jorge', '', 'Gaitan', '', 'jgaitan0@gmail.com', 1018472291, 0002, 0004, 0006);
INSERT INTO usuario VALUES 
	(1018472292, 'Ricardo', 'Alonso', 'Beltran', 'Cortes', 'ricbel02@gmail.com', 1018472292, 0001, 0005, 0008),
    (1018472293, 'Jenny', 'Aleandra', 'Palacios','', 'jennypalacios92@gmail.com', 1018472293, 0003, 0005, 0007),
    (1018472294, 'Marina', '', 'Gonzalez', 'Rodriguez', 'marin0010@gmail.com', 1018472294, 0001, 0005, 0007),
    (1018472295, 'Pedro', 'Antonio', 'Cortes', 'Contreras', 'pedrocortes27@gmail.com', 1018472295, 0001, 0005, 0008),
    (1018472296, 'Maria', 'Fernanda', 'Cortes', '', 'mafesita029@gmail.com', 1018472296, 0003, 0005, 0006),
    (1018472297, 'Cristian', '', 'Galeano', 'Ortis', 'cristiangale@gmail.com', 1018472297, 0001, 0005, 0006),
    (1018472298, 'Andres', 'Javier', 'Zapata', 'Buitrago', 'andrezapata09@gmail.com', 1018472298, 0002, 0005, 0007),
    (1018472299, 'Javier', 'Alberto', 'Gomes', 'Gonzalez', 'albertg0019@gmail.com', 1018472299, 0003, 0005, 0008),
    (1018472270, 'Karen', 'Alicia', 'Betancourt', 'Velasquez', 'karenalga06@gmail.com', 1018472270, 0003, 0005, 0006),
    (1018472271, 'Valentina', '', 'Ariatizabal', '', 'valenaristi123@gmail.com', 1018472271, 0003, 0005, 0006),
    (1018472272, 'Yamidt', 'Aleandro', 'Cortez', 'Beltran', 'yamidtblela@gmail.com,', 1018472272, 0002, 0005, 0007),
    (1018472273, 'Alexander', 'Camilo', 'Cardenas', 'Carrion', 'alexcamilo978@gmail.com', 1018472273, 0002, 0005, 0008),
    (1018472274, 'Camila', 'Andrea', 'Castillo', '', 'camilacorneta@gmail.com', 1018472274, 0002, 0005, 0008),
    (1018472275, 'Diego', 'Armando', 'Calillo', '', 'diegocalillo123@gmail.com', 1018472275, 0001, 0005, 0008),
    (1018472276, 'Juan', 'David', 'Andrade', 'Manrique', 'juandada@gmail.com', 1018472276, 0001, 0005, 0007),
    (1018472277, 'Jhanet', '', 'Garzon', 'Estrada', 'garzonestrada@gmail.com', 1018472277, 0002, 0005, 0006),
    (1018472278, 'Sandra', 'Milena', 'Reyes', 'Beltran', 'samimileny123@gmail.com', 1018472278, 0003, 0005, 0008),
    (1018472279, 'Samuel', 'Alberto', 'Ramirez', 'Rodriguez', 'samuelrame9998@gmail.com', 1018472279, 0001, 0005, 0006);
INSERT INTO series VALUES
	(10001, 'Game of Trones', 3, 2011, 'Siete familias nobles luchan por el control de la mítica tierra de Poniente. La fricción entre las casas produce una guerra a gran escala. Todo mientras un mal antiguo despierta en el extremo norte. En medio de la guerra, una orden militar descuidada de inadaptados, la Guardia de la Noche, es todo lo que se interpone entre los reinos de los hombres y los horrores helados del mas alla.', 92.2, 'Activo'),
    (10002, 'Westworld', 3, 2016, 'Westworld es una oscura odisea sobre el amanecer de la conciencia artificial y la evolución del pecado. Ubicado en la intersección del futuro cercano y el pasado reinventado, explora un mundo en el que cada apetito humano, no importa cuán noble o depravado, pueda ser complacido.', 89, 'Activo'),
    (10003, 'The flash', 4, 2014, 'Después de ser alcanzado por un rayo, Barry Allen se despierta de su coma y descubre que se le ha dado el poder de la súper velocidad, convirtiéndose en Flash, luchando contra el crimen en Central City.', 81, 'Activo'),
    (10004, 'Arrow', 3, 2012, 'Después de estar abandonado durante cinco años en una isla remota y presumiblemente muerto, el multimillonario playboy Oliver Queen regresa a casa con una misteriosa agenda y un conjunto letal de nuevas habilidades que usa en una guerra contra el crimen en su ciudad natal de Starling City.', 81, 'Activo'),
    (10005, 'The Blacklist', 4, 2013, 'Raymond "Red" Reddington, uno de los fugitivos más buscados del FBI, se rinde en persona en la sede del FBI en Washington, D.C. Afirma que él y el FBI tienen los mismos intereses: derribar criminales y terroristas peligrosos. En las últimas dos décadas, ha hecho una lista de criminales y terroristas que más importan, pero el FBI no puede encontrarlos porque no sabe que existen. Reddington llama a esto "La Lista Negra". Reddington cooperará con el FBI, pero insiste en que solo hablará con Elizabeth Keen, una perfiladora novata.', 82, 'Activo'),
    (10006, 'The Walking Dead', 4, 2010, 'El mundo que conocíamos se fue. Una epidemia de proporciones apocalípticas ha barrido el globo causando que los muertos resuciten y se alimenten de los vivos. En cuestión de meses la sociedad se ha derrumbado. En un mundo gobernado por los muertos, nos vemos obligados finalmente a comenzar a vivir. Basado en una serie de cómics del mismo nombre de Robert Kirkman, este proyecto de AMC se centra en el mundo después de un apocalipsis zombie. La serie sigue a un oficial de policía, Rick Grimes, que se despierta de un coma para encontrar el mundo devastado por zombis. Buscando a su familia, él y un grupo de sobrevivientes intentan luchar contra los zombis para mantenerse con vida.', 82, 'Activo'),
    (10007, 'Billions', 4, 2016, 'El fiscal estadounidense Chuck Rhoades persigue al rey del fondo de cobertura, Bobby "Axe" Axelrod en una batalla entre dos poderosas figuras de Nueva York.', 85, 'Activo'),
    (10008, 'Outlander', 4, 2020, 'La historia de Claire Randall, una enfermera de combate casada de 1945 que misteriosamente es arrastrada en el tiempo hasta 1743, donde es arrojada inmediatamente a un mundo desconocido donde su vida está amenazada. Cuando se ve obligada a casarse con Jamie, un joven guerrero escocés caballeroso y romántico, se enciende un apasionado romance que desgarra el corazón de Claire entre dos hombres muy diferentes en dos vidas irreconciliables.', 89, 'Activo'),
    (10009, 'Better Call Saul', 4, 2015, 'Vea el ascenso de Jimmy McGill, un abogado de poca monta que busca su destino, pero que se esfuerza por llegar a fin de mes. Trabajando al lado, y a menudo contra Jimmy, está el "reparador" Mike Erhmantraut. La serie rastrea la evolución de Jimmy en Saul Goodman, el hombre que pone la palabra "criminal" en "abogado criminal".', 85, 'Activo'),
    (10010, 'Family Guy', 4, 1999, 'Enfermo, retorcido, políticamente incorrecto y serie animada Freakin Sweet que presenta las aventuras de la disfuncional familia Griffin. El torpe Peter y la sufrida Lois tienen tres hijos. Stewie (un bebé brillante pero sádico empeñado en matar a su madre y apoderarse del mundo), Meg (la mayor y la niña más impopular de la ciudad) y Chris (el niño del medio, no es muy inteligente pero le apasionan las películas) ) El último miembro de la familia es Brian, un perro que habla y mucho más que una mascota, mantiene a Stewie bajo control mientras sorbe Martinis y analiza sus propios problemas de vida.', 81, 'Activo');
INSERT INTO temporadas VALUES
	(100011, 1, 10001),
    (100012, 2, 10001),
    (100013, 3, 10001),
    (100021, 1, 10002),
    (100022, 2, 10002),
    (100023, 3, 10002),
    (100031, 1, 10003),
    (100032, 2, 10003),
    (100033, 3, 10003),
    (100034, 4, 10003),
    (100041, 1, 10004),
    (100042, 2, 10004),
    (100043, 3, 10004),
    (100051, 1, 10005),
    (100052, 2, 10005),
    (100053, 3, 10005),
    (100054, 4, 10005),
    (100061, 1, 10006),
    (100062, 2, 10006),
    (100063, 3, 10006),
    (100064, 4, 10006),
    (100071, 1, 10007),
    (100072, 2, 10007),
    (100073, 3, 10007),
    (100074, 4, 10007),
    (100081, 1, 10008),
    (100082, 2, 10008),
    (100083, 3, 10008),
    (100084, 4, 10008),
    (100091, 1, 10009),
    (100092, 2, 10009),
    (100093, 3, 10009),
    (100094, 4, 10009),
    (100101, 1, 10010),
    (100102, 2, 10010),
    (100103, 3, 10010),
    (100104, 4, 10010);
INSERT INTO capitulos VALUES
	(10001101, 'Se acerca el invierno', 1, '01:01:00', 100011);
INSERT INTO capitulos VALUES
	(10001102, 'El camino del rey.', 2, '00:55:00', 100011),
    (10001103, 'Señor nieve.', 3, '00:57:00', 100011),
    (10001104, 'Tullidos, bastardos y cosas rotas.', 4, '00:55:00', 100011),
    (10001201, 'El norte recuerda.', 1, '00:52:00', 100012),
    (10001202, 'La noche aterriza.', 2, '00:53:00', 100012),
    (10001203, 'Lo que esta muerto nunca podra morir.', 3, '00:52:00', 100012),
    (10001301, 'Valar Dohaeris.', 1, '00:55:00', 100013),
    (10001302, 'Alas oscuras, Palabras oscuras.', 2, '00:52:00', 100013),
    (10001303, 'La caminata del castigo.', 3, '00:52:00', 100013),
    (10002101, 'The original.', 1, '01:12:00', 100021),
    (10002102, 'Chestun.', 2, '01:10:00', 100021),
    (10002103, 'The stray.', 3, '01:09:00', 100021),
    (10002104, 'Dissonance theory.', 4, '01:12:00', 100021),
    (10002201, 'Journey into night.', 1, '01:15:00', 100022),
    (10002202, 'Reunion.', 2, '01:17:00', 100022),
    (10002203, 'Virtu e fortuna.', 3, '01:10:00', 100022),
    (10002204, 'The riddle of the sphinx.', 4, '01:15:00', 100022),
    (10002301, 'Parce domine', 1, '01:10:00', 100023),
    (10002302, 'The winter line.', 2, '01:05:00', 100023),
    (10002303, 'The absence of field.', 3, '01:15:00', 100023),
    (10002304, 'The mother of exiles.', 4, '01:18:00', 100023),
    (10003101, 'Pilot', 1, '00:40:00', 100031),
    (10003102, 'Fastest man alive.', 2, '00:45:00', 100031),
    (10003103, 'Things you can´t outruin', 3, '00:40:00', 100031),
    (10003104, 'Going rogue.', 4, '00:50:00', 100031),
    (10003201, 'The man who saved Central City.', 1, '00:45:00', 100032),
    (10003202, 'Flash of two worlds.', 2, '00:47:00', 100032),
    (10003203, 'Family of rogues.', 3, '00:42:00', 100032),
    (10003204, 'The fury of firestorm.', 4, '00:43:00', 100032),
    (10003301, 'Flash point.', 1, '00:40:00', 100033),
    (10003302, 'Paradox.', 2, '00:45:00', 100033),
    (10003303, 'Magenta.', 3, '00:48:00', 100033),
    (10003401, 'The flash reborn.', 1, '00:50:00', 100034),
    (10003402, 'Mixed signals.', 2, '00:48:00', 100034),
    (10003403, 'Luck be a Lady.', 3, '00:48:00', 100034),
    (10003404, 'Elongated journey into night.', 4, '00:45:00', 100034),
    (10004101, 'Pilot.', 1, '00:48:00', 100041),
    (10004102, 'Honor thy father.', 2, '00:45:00', 100041),
    (10004103, 'Lone gunmen.', 3, '00:50:00', 100041),
    (10004104, 'An innocent man.', 4, '00:45:00', 100041),
    (10004201, 'City of heroes.', 1, '00:47:00', 100042),
    (10004202, 'Identify.', 2, '00:45:00', 100042),
    (10004203, 'Broken dolls.', 3, '00:47:00', 100042),
    (10004301, 'The calm.', 1, '00:48:00', 100043),
    (10004302, 'Sara.', 2, '00:50:00', 100043),
    (10004303, 'Corto maltese.', 3, '00:45:00', 100043),
    (10004304, 'The magician.', 4, '00:46:00', 100043),
    (10005101, 'Pilot.', 1, '00:48:00', 100051),
    (10005102, 'The Freelancer.', 2, '00:45:00', 100051),
    (10005103, 'Wujing.', 3, '00:49:00', 100051),
    (10005104, 'The stewmaker.', 4, '00:45:00', 100051),
    (10005201, 'lord Baltimore.', 1, '00:49:00', 100052),
    (10005202, 'Monarch douglan bank.', 2, '00:46:00', 100052),
    (10005203, 'Dr. James Covingtor.', 3, '00:48:00', 100052),
    (10005301, 'The troll farmer.', 1, '00:49:00', 100053),
    (10005302, 'Marvin Gerard.', 2, '00:47:00', 100053),
    (10005303, 'Eli matchett.', 3, '00:45:00', 100053),
    (10005304, 'The djinn.', 4, '00:46:00', 100053),
    (10005401, 'Esteban.', 1, '00:49:00', 100054),
    (10005402, 'Mato.', 2, '00:50:00', 100054),
    (10005403, 'Miles Me Grath.', 3, '00:48:00', 100054),
    (10005404, 'Gara.', 4, '00:56:00', 100054);
INSERT INTO capitulos VALUES
	(10006101, 'Days gone bye.', 1, '00:55:00', 100061),
    (10006102, 'Guts.', 2, '00:51:00', 100061),
    (10006103, 'Tell it to the frogs', 3, '00:55:00', 100061),
    (10006104, ' Vatos.', 4, '00:52:00', 100061),
    (10006105, 'Wildfire.', 5, '00:48:00', 100061),
    (10006201, 'What Lies ahead.', 1, '00:49:00', 100062),
    (10006202, 'Bloodle tting.', 2, '00:48:00', 100062),
    (10006203, 'Save the last one.', 3, '00:49:00', 100062),
    (10006204, 'Cherokee rose.', 4, '00:48:00', 100062),
    (10006205, 'Chupacabra.', 5, '00:52:00', 100062),
    (10006301, 'Seed.', 1, '00:54:00', 100063),
    (10006302, 'Sick.', 2, '0051:00', 100063),
    (10006303, 'Walk with me.', 3, '00:55:00', 100063),
    (10006304, 'Killer within.', 4, '00:49:00', 100063),
    (10006305, 'Say the word.', 5, '00:55:00', 100063),
    (10006401, 'Days without an accident.', 1, '00:55:00', 100064),
    (10006402, 'Infected.', 2, '00:51:00', 100064),
    (10006403, 'Insolatio.', 3, '00:53:00', 100064),
    (10006404, 'Indifference.', 4, '00:49:00', 100064),
    (10006405, 'Internment.', 5, '00:52:00', 100064),
    (10007101, 'Pilot.', 1, '00:49:00', 100071),
    (10007102, 'Naming Rigts.', 2, '00:51:00', 100071),
    (10007103, 'YouTime.', 3, '00:50:00', 100071),
    (10007104, 'Short squeeze.', 4, '00:54:00', 100071),
    (10007105, 'The good life.', 5, '00:52:00', 100071),
    (10007201, 'Risk management.', 1, '00:49:00', 100072),
    (10007202, 'Dead cat bounce.', 2, '00:52:00', 100072),
    (10007203, 'Optimal play.', 3, '00:51:00', 100072),
    (10007204, 'The oath.', 4, '00:53:00', 100072),
    (10007205, 'Currency.', 5, '00:51:00', 100072),
    (10007301, 'Tie goes to the runner.', 1, '00:52:00', 100073),
    (10007302, 'The wrong Maria Gonzalez.', 2, '00:53:00', 100073),
    (10007303, 'A generation too late.', 3, '00:51:00', 100073),
    (10007304, 'Hell of a ride.', 4, '00:50:00', 100073),
    (10007305, 'Flaw in the deat start.', 5, '00:40:00', 100073),
    (10007401, 'Chucky Roades´s greatest game.', 1, '00:51:00', 100074),
    (10007402, 'Arousal template.', 2, '00:48:00', 100074),
    (10007403, 'Chickentown.', 3, '00:51:00', 100074),
    (10007404, 'Overton window.', 4, '00:52:00', 100074),
    (10007405, 'A proper sendoff.', 5, '00:53:00', 100074),
    (10008101, 'Sasa.', 1, '00:49:00', 100081),
    (10008102, 'Castle Leoch.', 2, '00:45:00', 100081),
    (10008103, 'Tho way out.', 3, '00:49:00', 100081),
    (10008104, 'The Gatlering.', 4, '00:50:00', 100081),
    (10008105, 'Rent.', 5, '00:54:00', 100081),
    (10008201, 'Through a glass, darkly', 1, '00:51:00', 100082),
    (10008202, 'Not in scotland anymore.', 2, '00:53:00', 100082),
    (10008203, 'Use ful occupations and deceptions.', 3, '00:51:00', 100082),
    (10008204, 'La dame blance.', 4, '00:53:00', 100082),
    (10008205, 'Untimely resurrection.', 5, '00:50:00', 100082),
    (10008301, 'The Battle joined', 1, '00:49:00', 100083),
    (10008302, 'Surrender.', 2, '00:50:00', 100083),
    (10008303, 'All debts paid.', 3, '00:53:00', 100083),
    (10008304, 'Of lost things.', 4, '00:53:00', 100083),
    (10008305, 'Freedom & Whisky.', 5, '00:51:00', 100083),
    (10008401, 'America the beautiful.', 1, '00:53:00', 100084),
    (10008402, 'Do no harm.', 2, '00:55:00', 100084),
    (10008403, 'The false bride', 3, '00:53:00', 100084),
    (10008404, 'Common ground.', 4, '00:50:00', 100084),
    (10008405, 'Savages.', 5, '00:51:00', 100084),
    (10009101, 'Uno.', 1, '00:45:00', 100091),
    (10009102, 'Mijo.', 2, '00:48:00', 100091),
    (10009103, 'Nacho.', 3, '00:43:00', 100091),
    (10009104, 'Hero.', 4, '00:48:00', 100091),
    (10009105, 'Alpine shepherd boy.', 5, '00:48:00', 100091),
    (10009201, 'Switch.', 1, '00:48:00', 100092),
    (10009202, 'Cobbler.', 2, '00:45:00', 100092),
    (10009203, 'Amarillo.', 3, '00:49:00', 100092),
    (10009204, 'Gloves off.', 4, '00:48:00', 100092),
    (10009205, 'Rebecca.', 5, '00:45:00', 100092),
    (10009301, 'Mabel.', 1, '00:48:00', 100093),
    (10009302, 'Witness.', 2, '00:47:00', 100093),
    (10009303, 'Sunk costs.', 3, '00:49:00', 100093),
    (10009304, 'Sabrosito.', 4, '00:45:00', 100093),
    (10009305, 'Chicanery.', 5, '00:48:00', 100093),
    (10009401, 'Smoke.', 1, '00:49:00', 100094),
    (10009402, 'Breathe.', 2, '00:45:00', 100094),
    (10009403, 'Someting Beautiful.', 3, '00:45:00', 100094),
    (10009404, 'Talk.', 4, '00:48:00', 100094),
    (10009405, 'Quite a ride.', 5, '00:49:00', 100094),
    (10010101, 'Death has a shadow.', 1, '00:50:00', 100101),
    (10010102, 'I never met the dead man.', 2, '00:55:00', 100101),
    (10010103, 'Chitti chitti death bang.', 3, '00:54:00', 100101),
    (10010104, 'Mind over murder.', 4, '00:55:00', 100101),
    (10010105, 'A hero sits next dour.', 5, '00:56:00', 100101),
    (10010201, 'Peter, Peter, caviar eater.', 1, '00:55:00', 100102),
    (10010202, 'Holy crap.', 2, '00:56:00', 100102),
    (10010203, 'Da boom.', 3, '00:54:00', 100102),
    (10010204, 'Brian in love.', 4, '00:55:00', 100102),
    (10010205, 'Love thy trophy.', 5, '00:50:00', 100102),
    (10010301, 'The thin white line.', 1, '00:55:00', 100103),
    (10010302, 'Briam does hollywood.', 2, '00:54:00', 100103),
    (10010303, 'Mr Griffin goes to Washington.', 3, '00:56:00', 100103),
    (10010304, 'One if by clam tow if by sea.', 4, '00:54:00', 100103),
    (10010305, 'And the wiener is...', 5, '00:45:00', 100103),
    (10010401, 'North by north Quahog.', 1, '00:49:00', 100104),
    (10010402, 'Fast times at buddy.', 2, '00:56:00', 100104),
    (10010403, 'Blind ambition.', 3, '00:55:00', 100104),
    (10010404, 'Don´t make me over.', 5, '00:56:00', 100104),
    (10010405, 'The Cleveland - Loreta Quagmire.', 5, '00:56:00', 100104);
INSERT INTO peliculas VALUES
	(2001, 'Frozen II.', '01:44:00', 2019, 'Elsa, Anna, Kristoff y Olaf se adentran en el bosque para conocer la verdad sobre un antiguo misterio de su reino.','Activo'),
    (2002, 'Avengers: Endgame.', '03:01:00', 2019, 'Después de los devastadores eventos de Avengers: Infinity War, el universo está en ruinas debido a los esfuerzos del loco Titan Thanos. Con la ayuda de los aliados restantes, los Vengadores deben reunirse una vez más para desacer las acciones de Thanos y reestablecer el orden en el universo de una vez por todas, sin importar las concecuencias que estas puedan conllevar.', 'Activo'),
    (2003, 'Jumanji: el siguiente nivel.', '02:02:00', 2019, 'Cuando la pandilla regresa a Jumanji para resscatar a unos de los suyos, descubren que nada es lo que esperan. Los ugadores deberán enfrentare a partes desconocidas e inexplorables para escapar del uego mas peligrose del mundo.', 'Activo'),
    (2004, 'Espías disfrazados.', '01:42:00', 2019, 'El súper espía Lance Sterling y el científico Walter Beckett son opuestos casi exactos. Lance es suave, suave y elegante. Walter es ... no. Pero lo que Walter carece de habilidades sociales lo compensa en inteligencia e invención, creando los asombrosos artilugios que usa Lance en sus épicas misiones. Pero cuando los eventos toman un giro inesperado, Walter y Lance de repente tienen que confiar el uno en el otro de una manera completamente nueva.', 'Activo'),
    (2005, 'El señor de los anillos: La comunidad del anillo.', '02:58:00', 2005, 'El joven hobbit Frodo Baggins, después de heredar un misterioso anillo de su tío Bilbo, debe abandonar su hogar para evitar que caiga en manos de su malvado creador. En el camino, se forma una comunidad para proteger al portador del anillo y asegurarse de que el anillo llegue a su destino final: el monte. Doom, el único lugar donde puede ser destruido.', 'Activo'),
    (2006, 'Harry Potter y la cámara secreta.', '02:41:00', 2002, 'Los autos vuelan, los árboles se defienden, y un misterioso elfo doméstico viene a advertir a Harry Potter al comienzo de su segundo año en Hogwarts. La aventura y el peligro esperan cuando la sangrienta escritura en una pared anuncia: La cámara secreta ha sido abierta. Para salvar a Hogwarts se requerirán todas las habilidades mágicas y el coraje de Harry, Ron y Hermione.', 'Activo'),
    (2007, 'Monsters Inc.', '01:32:00', 2001, 'James Sullivan y Mike Wazowski son monstruos, se ganan la vida asustando a los niños y son los mejores en el negocio ... a pesar de que tienen más miedo de los niños que de ellos. Cuando un niño entra accidentalmente en su mundo, James y Mike de repente descubren que los niños no deben temer y descubren una conspiración que podría amenazar a todos los niños en todo el mundo.', 'Activo'),
    (2008, 'Bad boys for life.', '02:04:00', 2008, 'Marcus y Mike se ven obligados a enfrentar nuevas amenazas, cambios de carrera y crisis de la mediana edad cuando se unen al equipo de élite de reciente creación AMMO del departamento de policía de Miami para derrotar al despiadado Armando Armas, el despiadado líder de un cartel de drogas de Miami.', 'Activo'),
    (2009, 'Trolls world tour.', '01:31:00', 2009, 'Queen Poppy y Branch hacen un descubrimiento sorprendente: hay otros mundos Troll más allá del suyo, y sus diferencias distintivas crean grandes enfrentamientos entre estas diversas tribus. Cuando una amenaza misteriosa pone en peligro a todos los Trolls de toda la tierra, Poppy, Branch y su grupo de amigos deben embarcarse en una búsqueda épica para crear armonía entre los Trolls enemistados para unirlos contra cierta fatalidad.', 'Activo'),
    (2010, 'Deadpool.', '01:48:00', 2016, 'Deadpool cuenta la historia de origen del ex operativo de las Fuerzas Especiales convertido en mercenario Wade Wilson, quien luego de ser sometido a un experimento deshonesto que lo deja con poderes curativos acelerados, adopta el alter ego Deadpool. Armado con sus nuevas habilidades y un sentido del humor oscuro y retorcido, Deadpool persigue al hombre que casi destruye su vida´.', 'Activo'),
    (2011, 'Guardianes de la galaxia.', '02:01:00', 2014, 'A años luz de la Tierra, 26 años después de ser secuestrado, Peter Quill se encuentra el objetivo principal de una cacería humana después de descubrir un orbe buscado por Ronan el Acusador.', 'Activo'),
    (2012, 'Logan.', '02:17:00', 2017, 'A años luz de la Tierra, 26 años después de ser secuestrado, Peter Quill se encuentra el objetivo principal de una cacería humana después de descubrir un orbe buscado por Ronan el Acusador.', 'Activo'),
    (2013, 'Wonder woman.', '02:21:00', 2017, 'Una princesa amazónica llega al mundo del hombre en las garras de la Primera Guerra Mundial para enfrentarse a las fuerzas del mal y poner fin al conflicto humano.', 'Activo'),
    (2014, 'Escuadrón suicida.', '02:03:00', 2018, 'De DC Comics viene el Escuadrón Suicida, un equipo antihéroe de supervillanos encarcelados que actúan como activos negables para el gobierno de los Estados Unidos, emprendiendo misiones de operaciones negras de alto riesgo a cambio de sentencias de prisión conmutadas.', 'Activo'),
    (2015, 'DoctorStange.', '01:55:00', 2016, 'Después de que su carrera es destruida, un cirujano brillante pero arrogante obtiene una nueva oportunidad de vida cuando un hechicero lo toma bajo su ala y lo entrena para defender al mundo contra el mal.', 'Activo'),
    (2016, 'Interestelar.', '02:49:00', 2014, 'Interestelar narra las aventuras de un grupo de exploradores que hacen uso de un agujero de gusano recién descubierto para superar las limitaciones del viaje espacial humano y conquistar las vastas distancias involucradas en un viaje interestelar.', 'Activo'),
    (2017, 'El lobo de wall street.', '01:45:00', 2013, 'Un corredor de bolsa de Nueva York se niega a cooperar en un gran caso de fraude de valores que involucra corrupción en Wall Street, el mundo bancario corporativo y la infiltración de la mafia. Basado en la autobiografía de Jordan Belfort.', 'Activo'),
    (2018, 'Congelados.', '01:42:00', 2013, 'La joven princesa Anna de Arendelle sueña con encontrar el verdadero amor en la coronación de su hermana Elsa. El destino la lleva a un peligroso viaje en un intento de terminar el eterno invierno que ha caído sobre el reino. La acompaña el repartidor de hielo Kristoff, su reno Sven y el muñeco de nieve Olaf. En una aventura en la que descubrirá qué significa realmente la amistad, el coraje, la familia y el verdadero amor.', 'Activo'),
    (2019, 'Submarino.', '01:35:00', 2020, 'Después de que un terremoto destruye su estación submarina, seis investigadores deben navegar dos millas a lo largo de las profundidades peligrosas y desconocidas del fondo del océano para llegar a un lugar seguro en una carrera contra el tiempo.', 'Activo'),
    (2020, 'Ad astra.', '02:03:00', 2019, 'El futuro cercano, un momento en que tanto la esperanza como las dificultades impulsan a la humanidad a mirar a las estrellas y más allá. Mientras que un misterioso fenómeno amenaza con destruir la vida en el planeta Tierra, el astronauta Roy McBride emprende una misión a través de la inmensidad del espacio y sus múltiples peligros para descubrir la verdad sobre una expedición perdida que décadas antes enfrentó con valentía el vacío y el silencio en busca de lo desconocido.', 'Activo');
INSERT INTO factura VALUES
	(472292, '2020-05-22', '12:00:00', 1018472292, 0001, 0009, 0008),
    (472293, '2020-04-23', '12:00:00', 1018472293, 0003, 0010, 0007),
    (472294, '2020-05-25', '12:00:00', 1018472294, 0001, 0013, 0007),
    (472295, '2020-05-23', '12:00:00', 1018472295, 0001, 0012, 0008),
    (472296, '2020-06-26', '12:00:00', 1018472296, 0003, 0011, 0006),
    (472297, '2020-05-27', '12:00:00', 1018472297, 0001, 0013, 0006),
    (472298, '2020-05-24', '12:00:00', 1018472298, 0002, 0012, 0007),
    (472299, '2020-05-23', '12:00:00', 1018472299, 0003, 0013, 0008),
    (472270, '2020-05-22', '12:00:00', 1018472270, 0003, 0010, 0006),
    (472271, '2020-05-21', '12:00:00', 1018472271, 0003, 0010, 0006),
    (472272, '2020-05-22', '12:00:00', 1018472272, 0002, 0009, 0007),
    (472273, '2020-05-29', '12:00:00', 1018472273, 0002, 0009, 0008),
    (472274, '2020-05-28', '12:00:00', 1018472274, 0002, 0011, 0008),
    (472275, '2020-05-26', '12:00:00', 1018472275, 0001, 0013, 0008),
    (472276, '2020-05-25', '12:00:00', 1018472276, 0001, 0011, 0007),
    (472277, '2020-05-24', '12:00:00', 1018472277, 0002, 0012, 0006),
    (472278, '2020-05-26', '12:00:00', 1018472278, 0003, 0013, 0008),
    (472279, '2020-05-25', '12:00:00', 1018472279, 0001, 0010, 0006);

INSERT INTO perfil VALUES
    (1847229202, 'The Punisher', '', 1018472292,0001),
    (1847229203, 'Halo', '', 1018472292,0001),
    (1847229204, 'Sara','', 1018472292,0001),
    (1847229301, 'Fleca1', '', 1018472293, 0003),
    (1847229302, 'Flaca', '', 1018472293, 0003),
    (1847229401, 'Pirata', '', 1018472294, 0001),
    (1847229402, 'Sparrow', '', 1018472294, 0001),
    (1847229501, 'Alea', '', 1018472295, 0001),
    (1847229502, 'Andre', '', 1018472295, 0001),
    (1847229503, 'Charli', '', 1018472295, 0001),
    (1847229504, 'Papa', '', 1018472295, 0001),
    (1847229601, 'Araña', '',1018472296, 0003),
    (1847229701, 'Galeano', '', 1018472297, 0001),
    (1847229801, 'Orion', '', 1018472298, 0002),
	(1847229802,'Orca', '', 1018472298, 0002),
    (1847229901, 'Padre', '', 1018472299, 0003),
    (1847229902, 'Pocholo', '', 1018472299, 0003),
    (1847229903, 'Patricia', '', 1018472299, 0003),
    (1847229904, 'Pardo', '', 1018472299, 0003),
    (1847227001, 'araña', '', 1018472270, 0003),
    (1847227101, 'valentina', '', 1018472271, 0003),
    (1847227201, 'Endgame', '', 1018472272, 0002),
    (1847227202, 'Infinity', '', 1018472272, 0002),
    (1847227301, 'Pandilla', '', 1018472273, 0002),
    (1847227302, 'Jugador', '', 1018472273, 0002),
    (1847227303, 'Danger', '', 1018472273, 0002),
    (1847227401, 'Marte', '', 1018472274, 0002),
    (1847227402, 'Jupiter', '', 1018472274, 0002),
    (1847227403, 'Venus', '', 1018472274, 0002),
    (1847227501, 'Oscar', '', 1018472275, 0001),
    (1847227502, 'Oso', '', 1018472275, 0001),
    (1847227503, 'Aguila', '', 1018472275, 0001),
    (1847227601, 'Rap', '', 1018472276, 0001),
    (1847227602, 'Viejo', '', 1018472276, 0001),
    (1847227701, 'Mundo', '', 1018472277, 0002),
    (1847227801, 'Raiden','', 1018472278, 0003),
    (1847227901, 'Nach', '', 1018472279, 0001);
INSERT INTO pelicula_idioma VALUES
	(0035, 2001),
    (0035, 2002),
    (0035, 2003),
    (0035, 2004),
    (0035, 2005),
    (0035, 2006),
    (0035, 2007),
    (0035, 2008),
    (0035, 2009),
    (0035, 2010),
    (0035, 2011),
    (0035, 2012),
    (0035, 2013),
    (0035, 2014),
    (0035, 2015),
    (0035, 2016),
    (0035, 2017),
    (0035, 2018),
    (0035, 2019),
    (0035, 2020),
    (0036, 2001),
    (0036, 2002),
    (0036, 2003),
    (0036, 2004),
    (0036, 2005),
    (0036, 2006),
    (0036, 2007),
    (0036, 2008),
    (0036, 2009),
    (0036, 2010),
    (0036, 2011),
    (0036, 2012),
    (0036, 2013),
    (0036, 2014),
    (0036, 2015),
    (0036, 2016),
    (0036, 2017),
    (0036, 2018),
    (0036, 2019),
    (0036, 2020),
    (0037, 2001),
    (0038, 2002),
    (0037, 2003),
    (0038, 2004),
    (0037, 2005),
    (0038, 2006),
    (0037, 2007),
    (0038, 2008),
    (0037, 2009),
    (0037, 2010),
    (0038, 2011),
    (0038, 2012),
    (0037, 2013),
    (0038, 2014),
    (0037, 2015),
    (0038, 2016),
    (0038, 2017),
    (0037, 2018),
    (0037, 2019),
    (0038, 2020);
INSERT INTO capitulo_idioma VALUES
	(10001101, 0035),
	(10001101, 0036),
	(10001101, 0038),
    (10001102, 0035),
	(10001102, 0036),
	(10001102, 0038),
	(10001103, 0035),
	(10001103, 0036),
	(10001103, 0038),
	(10001104, 0035),
	(10001104, 0036),
	(10001104, 0038),
	(10001201, 0035),
    (10001201, 0036),
    (10001201, 0038),
    (10001202, 0035),
    (10001202, 0036),
    (10001202, 0038),
    (10001203, 0035),
    (10001203, 0036),
    (10001203, 0038),
    (10001301, 0035),
	(10001301, 0036),
	(10001301, 0038),
    (10001302, 0035),
	(10001302, 0036),
	(10001302, 0038),
    (10001303, 0035),
	(10001303, 0036),
	(10001303, 0038),
    (10002101, 0035),
    (10002101, 0036),
    (10002102, 0035),
    (10002102, 0036),
    (10002103, 0035),
    (10002103, 0036),
    (10002104, 0035),
    (10002104, 0036),
    (10002201, 0035),
    (10002201, 0036),
    (10002202, 0035),
    (10002202, 0036),
    (10002203, 0035),
    (10002203, 0036),
    (10002204, 0035),
    (10002204, 0036),
    (10002301, 0035),
    (10002301, 0036),
    (10002302, 0035),
    (10002302, 0036),
	(10002303, 0035),
    (10002303, 0036),
	(10002304, 0035),
    (10002304, 0036),  
	(10003101, 0036),
	(10003101, 0038),
    (10003102, 0036),
	(10003102, 0038),
    (10003103, 0036),
	(10003103, 0038),
    (10003104, 0036),
	(10003104, 0038),
	(10003201, 0036),
	(10003201, 0038),
    (10003202, 0036),
	(10003202, 0038),
    (10003203, 0036),
	(10003203, 0038),
    (10003204, 0036),
	(10003204, 0038),
    (10003301, 0036),
	(10003301, 0038),
	(10003302, 0036),
	(10003302, 0038),
	(10003303, 0036),
	(10003303, 0038),
	(10003401, 0036),
	(10003401, 0038),
	(10003402, 0036),
	(10003402, 0038),
    (10003403, 0036),
	(10003403, 0038),
    (10003404, 0036),
	(10003404, 0038),
	(10004101, 0035),
	(10004101, 0037),
    (10004102, 0035),
	(10004102, 0037),
    (10004103, 0035),
	(10004103, 0037),
    (10004104, 0035),
	(10004104, 0037),
    (10004201, 0035),
	(10004201, 0037),
    (10004202, 0035),
	(10004202, 0037),
    (10004203, 0035),
	(10004203, 0037),
    (10004301, 0035),
	(10004301, 0037),
    (10004302, 0035),
	(10004302, 0037),
    (10004303, 0035),
	(10004303, 0037),
    (10004304, 0035),
	(10004304, 0037),
    (10005101, 0035),
	(10005101, 0036),
	(10005102, 0035),
	(10005102, 0036),
	(10005103, 0035),
	(10005103, 0036),
	(10005104, 0035),
	(10005104, 0036),
    (10005201, 0035),
	(10005201, 0036),
    (10005202, 0035),
	(10005202, 0036),
    (10005203, 0035),
	(10005203, 0036),
    (10005301, 0035),
	(10005301, 0036),
    (10005302, 0035),
	(10005302, 0036),
    (10005303, 0035),
	(10005303, 0036),
    (10005304, 0035),
	(10005304, 0036),
	(10005401, 0035),
	(10005401, 0036),
    (10005402, 0035),
	(10005402, 0036),
    (10005403, 0035),
	(10005403, 0036),
    (10005404, 0035),
	(10005404, 0036),
	(10006101, 0035),
	(10006101, 0038),
    (10006102, 0035),
	(10006102, 0038),
    (10006103, 0035),
	(10006103, 0038),
    (10006104, 0035),
	(10006104, 0038),
	(10006105, 0035),
	(10006105, 0038),
	(10006201, 0035),
	(10006201, 0038),
    (10006202, 0035),
	(10006202, 0038),
    (10006203, 0035),
	(10006203, 0038),
    (10006204, 0035),
	(10006204, 0038),
    (10006205, 0035),
	(10006205, 0038),
    (10006301, 0035),
	(10006301, 0038),
    (10006302, 0035),
	(10006302, 0038),
    (10006303, 0035),
	(10006303, 0038),
    (10006304, 0035),
	(10006304, 0038),
    (10006305, 0035),
	(10006305, 0038),
	(10006401, 0035),
	(10006401, 0038),
    (10006402, 0035),
	(10006402, 0038),
    (10006403, 0035),
	(10006403, 0038),
    (10006404, 0035),
	(10006404, 0038),
    (10006405, 0035),
	(10006405, 0038),
	(10007101, 0035),
	(10007101, 0036),
    (10007102, 0035),
	(10007102, 0036),
    (10007103, 0035),
	(10007103, 0036),
    (10007104, 0035),
	(10007104, 0036),
    (10007105, 0035),
	(10007105, 0036),
    (10007201, 0035),
	(10007201, 0036),
	(10007202, 0035),
	(10007202, 0036),
	(10007203, 0035),
	(10007203, 0036),
	(10007204, 0035),
	(10007204, 0036),
	(10007205, 0035),
	(10007205, 0036),
	(10007301, 0035),
	(10007301, 0036),
    (10007302, 0035),
	(10007302, 0036),
    (10007303, 0035),
	(10007303, 0036),
    (10007304, 0035),
	(10007304, 0036),
    (10007305, 0035),
	(10007305, 0036),
    (10007401, 0035),
	(10007401, 0036),
	(10007402, 0035),
	(10007402, 0036),
	(10007403, 0035),
	(10007403, 0036),
	(10007404, 0035),
	(10007404, 0036),
	(10007405, 0035),
	(10007405, 0036),
	(10008101, 0036),
	(10008101, 0037),
	(10008102, 0036),
	(10008102, 0037),
    (10008103, 0036),
	(10008103, 0037),
    (10008104, 0036),
	(10008104, 0037),
    (10008105, 0036),
	(10008105, 0037),
    (10008201, 0036),
	(10008201, 0037),
	(10008202, 0036),
	(10008202, 0037),
	(10008203, 0036),
	(10008203, 0037),
	(10008204, 0036),
	(10008204, 0037),
	(10008205, 0036),
	(10008205, 0037),
	(10008301, 0036),
	(10008301, 0037),
    (10008302, 0036),
	(10008302, 0037),
    (10008303, 0036),
	(10008303, 0037),
    (10008304, 0036),
	(10008304, 0037),
    (10008305, 0036),
	(10008305, 0037),
	(10008401, 0036),
	(10008401, 0037),
    (10008402, 0036),
	(10008402, 0037),
    (10008403, 0036),
	(10008403, 0037),
    (10008404, 0036),
	(10008404, 0037),
    (10008405, 0036),
	(10008405, 0037),
    (10009101, 0035),
	(10009101, 0038),
    (10009102, 0035),
	(10009102, 0038),
    (10009103, 0035),
	(10009103, 0038),
    (10009104, 0035),
	(10009104, 0038),
    (10009105, 0035),
	(10009105, 0038),
    (10009201, 0035),
	(10009201, 0038),
    (10009202, 0035),
	(10009202, 0038),
    (10009203, 0035),
	(10009203, 0038),
    (10009204, 0035),
	(10009204, 0038),
    (10009205, 0035),
	(10009205, 0038),
    (10009301, 0035),
	(10009301, 0038),
    (10009302, 0035),
	(10009302, 0038),
    (10009303, 0035),
	(10009303, 0038),
    (10009304, 0035),
	(10009304, 0038),
    (10009305, 0035),
	(10009305, 0038),
    (10009401, 0035),
	(10009401, 0038),
    (10009402, 0035),
	(10009402, 0038),
    (10009403, 0035),
	(10009403, 0038),
    (10009404, 0035),
	(10009404, 0038),
    (10009405, 0035),
	(10009405, 0038),
	(10010101, 0035),
	(10010101, 0036),
	(10010101, 0038),
	(10010102, 0035),
	(10010102, 0036),
	(10010102, 0038),
    (10010103, 0035),
	(10010103, 0036),
	(10010103, 0038),
    (10010104, 0035),
	(10010104, 0036),
	(10010104, 0038),
    (10010105, 0035),
	(10010105, 0036),
	(10010105, 0038),
    (10010201, 0035),
	(10010201, 0036),
	(10010201, 0038),
    (10010202, 0035),
	(10010202, 0036),
	(10010202, 0038),
    (10010203, 0035),
	(10010203, 0036),
	(10010203, 0038),
    (10010204, 0035),
	(10010204, 0036),
	(10010204, 0038),
    (10010205, 0035),
	(10010205, 0036),
	(10010205, 0038),
	(10010301, 0035),
	(10010301, 0036),
	(10010301, 0038),
	(10010302, 0035),
	(10010302, 0036),
	(10010302, 0038),
    (10010303, 0035),
	(10010303, 0036),
	(10010303, 0038),
    (10010304, 0035),
	(10010304, 0036),
	(10010304, 0038),
    (10010305, 0035),
	(10010305, 0036),
	(10010305, 0038),
    (10010401, 0035),
	(10010401, 0036),
	(10010401, 0038),
    (10010402, 0035),
	(10010402, 0036),
	(10010402, 0038),
    (10010403, 0035),
	(10010403, 0036),
	(10010403, 0038),
    (10010404, 0035),
	(10010404, 0036),
	(10010404, 0038),
    (10010405, 0035),
	(10010405, 0036),
	(10010405, 0038);
INSERT INTO categoria_peliculas VALUES
	(2001, 0014),
    (2001, 0022),
    (2001, 0015),
    (2001, 0017),
    (2002, 0013),
    (2002, 0030),
    (2002, 0029),
    (2003, 0013),
    (2003, 0030),
    (2003, 0029),
    (2004, 0014),
    (2004, 0022),
    (2004, 0017),
    (2005, 0029),
    (2005, 0032),
    (2005, 0014),
    (2006, 0013),
    (2006, 0031),
    (2006, 0029),
    (2007, 0014),
    (2007, 0015),
    (2007, 0017),
    (2008, 0013),
    (2008, 0019),
    (2008, 0024),
    (2009, 0014),
    (2009, 0015),
    (2009, 0027),
    (2010, 0013),
    (2010, 0018),
    (2010, 0019),
    (2011, 0013),
    (2011, 0030),
    (2011, 0029),
    (2012, 0013),
    (2012, 0030),
    (2012, 0029),
    (2013, 0013),
    (2013, 0030),
    (2013, 0029),
    (2014, 0013),
    (2014, 0030),
    (2014, 0029),
    (2015, 0013),
    (2015, 0030),
    (2015, 0029),
    (2016, 0013),
    (2016, 0030),
    (2016, 0029),
    (2017, 0024),
    (2017, 0033),
    (2018, 0013),
    (2018, 0030),
    (2018, 0029),
    (2019, 0013),
    (2019, 0030),
    (2019, 0029),
    (2020, 0013),
    (2020, 0030),
    (2020, 0029);
INSERT INTO categoria_serie VALUES
	(0020, 10001),
    (0022, 10001),
    (0029, 10001),
    (0029, 10002),
    (0020, 10003),
    (0022, 10003),
    (0029, 10003),
	(0020, 10004),
    (0022, 10004),
    (0029, 10004),
	(0019, 10005),
    (0020, 10005),
    (0026, 10005),
    (0020, 10006),
    (0022, 10006),
    (0029, 10006),
    (0020, 10007),
    (0014, 10008),
    (0020, 10008),
    (0022, 10008),
    (0019, 10009),
    (0018, 10009),
    (0020, 10009),
    (0015, 10010),
    (0018, 10010);
INSERT INTO serie_perfil VALUES
	(10001, 1847229202),
    (10001, 1847229203),
    (10001, 1847229204),
    (10001, 1847229301),
    (10001, 1847229302),
    (10001, 1847229401),
    (10001, 1847229402),
    (10001, 1847229501),
    (10001, 1847229502),
    (10001, 1847229503),
    (10001, 1847229504),
    (10001, 1847229601),
    (10001, 1847229701),
    (10001, 1847229801),
    (10001, 1847229802),
    (10001, 1847229901),
    (10001, 1847229902),
    (10002, 1847229903),
    (10002, 1847229904),
    (10002, 1847227001),
    (10002, 1847227101),
    (10002, 1847227201),
    (10002, 1847227202),
    (10002, 1847227301),
    (10002, 1847227302),
    (10002, 1847227303),
    (10002, 1847227401),
    (10002, 1847227402),
    (10002, 1847227403),
    (10002, 1847227501),
    (10002, 1847227502),
    (10002, 1847227503),
    (10002, 1847227601),
    (10002, 1847227602),
    (10002, 1847227701),
    (10002, 1847227801),
    (10002, 1847227901),
	(10003, 1847229202),
    (10003, 1847229203),
    (10003, 1847229204),
    (10003, 1847229301),
    (10003, 1847229302),
    (10003, 1847229401),
    (10003, 1847229402),
    (10003, 1847229501),
    (10003, 1847229502),
    (10003, 1847229503),
    (10003, 1847229504),
    (10003, 1847229601),
    (10003, 1847229701),
    (10004, 1847229801),
    (10004, 1847229802),
    (10004, 1847229901),
    (10004, 1847229902),
    (10004, 1847229903),
    (10004, 1847229904),
    (10004, 1847227001),
    (10004, 1847227101),
    (10004, 1847227201),
    (10004, 1847227202),
    (10004, 1847227301),
    (10004, 1847227302),
    (10004, 1847227303),
    (10004, 1847227401),
    (10004, 1847227402),
    (10004, 1847227403),
    (10004, 1847227501),
    (10004, 1847227502),
    (10004, 1847227503),
    (10004, 1847227601),
    (10004, 1847227602),
    (10004, 1847227701),
    (10004, 1847227801),
    (10004, 1847227901),
    (10005, 1847229202),
    (10005, 1847229203),
    (10005, 1847229204),
    (10005, 1847229301),
    (10005, 1847229302),
    (10005, 1847229401),
    (10005, 1847229402),
    (10005, 1847229501),
    (10005, 1847229502),
    (10005, 1847229503),
    (10005, 1847229504),
    (10006, 1847229601),
    (10006, 1847229701),
    (10006, 1847229801),
    (10006, 1847229802),
    (10006, 1847229901),
    (10006, 1847229902),
    (10006, 1847229903),
    (10006, 1847229904),
    (10006, 1847227001),
    (10006, 1847227101),
    (10006, 1847227201),
    (10006, 1847227202),
    (10006, 1847227301),
    (10006, 1847227302),
    (10006, 1847227303),
    (10006, 1847227401),
    (10006, 1847227402),
    (10006, 1847227403),
    (10006, 1847227501),
    (10006, 1847227502),
    (10006, 1847227503),
    (10006, 1847227601),
    (10006, 1847227602),
    (10006, 1847227701),
    (10006, 1847227801),
    (10006, 1847227901),    
    (10007, 1847229202),
    (10007, 1847229203),
    (10007, 1847229204),
    (10007, 1847229301),
    (10007, 1847229302),
    (10007, 1847229401),
    (10007, 1847229402),
    (10007, 1847229501),
    (10007, 1847229502),
    (10007, 1847229503),
    (10007, 1847229504),
    (10007, 1847229601),
    (10007, 1847229701),
    (10007, 1847229801),
    (10007, 1847229802),
    (10007, 1847229901),
    (10007, 1847229902),
    (10008, 1847229903),
    (10008, 1847229904),
    (10008, 1847227001),
    (10008, 1847227101),
    (10008, 1847227201),
    (10008, 1847227202),
    (10008, 1847227301),
    (10008, 1847227302),
    (10008, 1847227303),
    (10008, 1847227401),
    (10008, 1847227402),
    (10008, 1847227403),
    (10008, 1847227501),
    (10008, 1847227502),
    (10008, 1847227503),
    (10008, 1847227601),
    (10008, 1847227602),
    (10008, 1847227701),
    (10008, 1847227801),
    (10008, 1847227901),    
    (10009, 1847229202),
    (10009, 1847229203),
    (10009, 1847229204),
    (10009, 1847229301),
    (10009, 1847229302),
    (10009, 1847229401),
    (10009, 1847229402),
    (10009, 1847229501),
    (10009, 1847229502),
    (10009, 1847229503),
    (10009, 1847229504),
    (10009, 1847229601),
    (10009, 1847229701),
    (10009, 1847229801),
    (10009, 1847229802),
    (10009, 1847229901),
    (10009, 1847229902),
    (10009, 1847229903),
    (10010, 1847229904),
    (10010, 1847227001),
    (10010, 1847227101),
    (10010, 1847227201),
    (10010, 1847227202),
    (10010, 1847227301),
    (10010, 1847227302),
    (10010, 1847227303),
    (10010, 1847227401),
    (10010, 1847227402),
    (10010, 1847227403),
    (10010, 1847227501),
    (10010, 1847227502),
    (10010, 1847227503),
    (10010, 1847227601),
    (10010, 1847227602),
    (10010, 1847227701),
    (10010, 1847227801),
    (10010, 1847227901);
INSERT INTO perfil_pelicula VALUES
	(2001, 1847229202),
    (2001, 1847229203),
    (2001, 1847229204),
    (2001, 1847229301),
    (2001, 1847229302),
    (2001, 1847229401),
    (2001, 1847229402),
    (2001, 1847229501),
    (2001, 1847229502),
    (2001, 1847229503),
    (2001, 1847229504),
    (2001, 1847229601),
    (2001, 1847229701),
    (2001, 1847229801),
    (2001, 1847229802),
    (2001, 1847229901),
    (2001, 1847229902),
    (2001, 1847229903),
    (2001, 1847229904),
    (2002, 1847227001),
    (2002, 1847227101),
    (2002, 1847227201),
    (2002, 1847227202),
    (2002, 1847227301),
    (2002, 1847227302),
    (2002, 1847227303),
    (2002, 1847227401),
    (2002, 1847227402),
    (2002, 1847227403),
    (2002, 1847227501),
    (2002, 1847227502),
    (2002, 1847227503),
    (2002, 1847227601),
    (2002, 1847227602),
    (2002, 1847227701),
    (2002, 1847227801),
    (2002, 1847227901),    
    (2003, 1847229202),
    (2003, 1847229203),
    (2003, 1847229204),
    (2003, 1847229301),
    (2003, 1847229302),
    (2003, 1847229401),
    (2003, 1847229402),
    (2003, 1847229501),
    (2003, 1847229502),
    (2003, 1847229503),
    (2003, 1847229504),
    (2003, 1847229601),
    (2003, 1847229701),
    (2003, 1847229801),
    (2003, 1847229802),
    (2003, 1847229901),
    (2003, 1847229902),
    (2004, 1847229903),
    (2004, 1847229904),
    (2004, 1847227001),
    (2004, 1847227101),
    (2004, 1847227201),
    (2004, 1847227202),
    (2004, 1847227301),
    (2004, 1847227302),
    (2004, 1847227303),
    (2004, 1847227401),
    (2004, 1847227402),
    (2004, 1847227403),
    (2004, 1847227501),
    (2004, 1847227502),
    (2004, 1847227503),
    (2004, 1847227601),
    (2004, 1847227602),
    (2004, 1847227701),
    (2004, 1847227801),
    (2004, 1847227901),    
    (2005, 1847229202),
    (2005, 1847229203),
    (2005, 1847229204),
    (2005, 1847229301),
    (2005, 1847229302),
    (2005, 1847229401),
    (2005, 1847229402),
    (2005, 1847229501),
    (2005, 1847229502),
    (2005, 1847229503),
    (2005, 1847229504),
    (2005, 1847229601),
    (2005, 1847229701),
    (2005, 1847229801),
    (2005, 1847229802),
    (2005, 1847229901),
    (2005, 1847229902),
    (2006, 1847229903),
    (2006, 1847229904),
    (2006, 1847227001),
    (2006, 1847227101),
    (2006, 1847227201),
    (2006, 1847227202),
    (2006, 1847227301),
    (2006, 1847227302),
    (2006, 1847227303),
    (2006, 1847227401),
    (2006, 1847227402),
    (2006, 1847227403),
    (2006, 1847227501),
    (2006, 1847227502),
    (2006, 1847227503),
    (2006, 1847227601),
    (2006, 1847227602),
    (2006, 1847227701),
    (2006, 1847227801),
    (2006, 1847227901),   
    (2007, 1847229202),
    (2007, 1847229203),
    (2007, 1847229204),
    (2007, 1847229301),
    (2007, 1847229302),
    (2007, 1847229401),
    (2007, 1847229402),
    (2007, 1847229501),
    (2007, 1847229502),
    (2007, 1847229503),
    (2007, 1847229504),
    (2007, 1847229601),
    (2007, 1847229701),
    (2007, 1847229801),
    (2007, 1847229802),
    (2008, 1847229901),
    (2008, 1847229902),
    (2008, 1847229903),
    (2008, 1847229904),
    (2008, 1847227001),
    (2008, 1847227101),
    (2008, 1847227201),
    (2008, 1847227202),
    (2008, 1847227301),
    (2008, 1847227302),
    (2008, 1847227303),
    (2008, 1847227401),
    (2008, 1847227402),
    (2008, 1847227403),
    (2008, 1847227501),
    (2008, 1847227502),
    (2008, 1847227503),
    (2008, 1847227601),
    (2008, 1847227602),
    (2008, 1847227701),
    (2008, 1847227801),
    (2008, 1847227901),    
    (2009, 1847229202),
    (2009, 1847229203),
    (2009, 1847229204),
    (2009, 1847229301),
    (2009, 1847229302),
    (2009, 1847229401),
    (2009, 1847229402),
    (2009, 1847229501),
    (2009, 1847229502),
    (2009, 1847229503),
    (2009, 1847229504),
    (2009, 1847229601),
    (2009, 1847229701),
    (2009, 1847229801),
    (2009, 1847229802),
    (2009, 1847229901),
    (2009, 1847229902),
    (2009, 1847229903),
    (2009, 1847229904),
    (2009, 1847227001),
    (2010, 1847227101),
    (2010, 1847227201),
    (2010, 1847227202),
    (2010, 1847227301),
    (2010, 1847227302),
    (2010, 1847227303),
    (2010, 1847227401),
    (2010, 1847227402),
    (2010, 1847227403),
    (2010, 1847227501),
    (2010, 1847227502),
    (2010, 1847227503),
    (2010, 1847227601),
    (2010, 1847227602),
    (2010, 1847227701),
    (2010, 1847227801),
    (2010, 1847227901),    
	(2011, 1847229202),
    (2011, 1847229203),
    (2011, 1847229204),
    (2011, 1847229301),
    (2011, 1847229302),
    (2011, 1847229401),
    (2011, 1847229402),
    (2011, 1847229501),
    (2011, 1847229502),
    (2011, 1847229503),
    (2011, 1847229504),
    (2011, 1847229601),
    (2011, 1847229701),
    (2011, 1847229801),
    (2011, 1847229802),
    (2011, 1847229901),
    (2011, 1847229902),
    (2011, 1847229903),
    (2011, 1847229904),
    (2011, 1847227001),
    (2011, 1847227101),
    (2012, 1847227201),
    (2012, 1847227202),
    (2012, 1847227301),
    (2012, 1847227302),
    (2012, 1847227303),
    (2012, 1847227401),
    (2012, 1847227402),
    (2012, 1847227403),
    (2012, 1847227501),
    (2012, 1847227502),
    (2012, 1847227503),
    (2012, 1847227601),
    (2012, 1847227602),
    (2012, 1847227701),
    (2012, 1847227801),
    (2012, 1847227901),    
    (2013, 1847229202),
    (2013, 1847229203),
    (2013, 1847229204),
    (2013, 1847229301),
    (2013, 1847229302),
    (2013, 1847229401),
    (2013, 1847229402),
    (2013, 1847229501),
    (2013, 1847229502),
    (2013, 1847229503),
    (2013, 1847229504),
    (2013, 1847229601),
    (2013, 1847229701),
    (2013, 1847229801),
    (2013, 1847229802),
    (2013, 1847229901),
    (2013, 1847229902),
    (2013, 1847229903),
    (2014, 1847229904),
    (2014, 1847227001),
    (2014, 1847227101),
    (2014, 1847227201),
    (2014, 1847227202),
    (2014, 1847227301),
    (2014, 1847227302),
    (2014, 1847227303),
    (2014, 1847227401),
    (2014, 1847227402),
    (2014, 1847227403),
    (2014, 1847227501),
    (2014, 1847227502),
    (2014, 1847227503),
    (2014, 1847227601),
    (2014, 1847227602),
    (2014, 1847227701),
    (2014, 1847227801),
    (2014, 1847227901),    
    (2015, 1847229202),
    (2015, 1847229203),
    (2015, 1847229204),
    (2015, 1847229301),
    (2015, 1847229302),
    (2015, 1847229401),
    (2015, 1847229402),
    (2015, 1847229501),
    (2015, 1847229502),
    (2015, 1847229503),
    (2015, 1847229504),
    (2015, 1847229601),
    (2015, 1847229701),
    (2015, 1847229801),
    (2015, 1847229802),
    (2015, 1847229901),
    (2015, 1847229902),
    (2016, 1847229903),
    (2016, 1847229904),
    (2016, 1847227001),
    (2016, 1847227101),
    (2016, 1847227201),
    (2016, 1847227202),
    (2016, 1847227301),
    (2016, 1847227302),
    (2016, 1847227303),
    (2016, 1847227401),
    (2016, 1847227402),
    (2016, 1847227403),
    (2016, 1847227501),
    (2016, 1847227502),
    (2016, 1847227503),
    (2016, 1847227601),
    (2016, 1847227602),
    (2016, 1847227701),
    (2016, 1847227801),
    (2016, 1847227901),    
    (2017, 1847229202),
    (2017, 1847229203),
    (2017, 1847229204),
    (2017, 1847229301),
    (2017, 1847229302),
    (2017, 1847229401),
    (2017, 1847229402),
    (2017, 1847229501),
    (2017, 1847229502),
    (2017, 1847229503),
    (2017, 1847229504),
    (2017, 1847229601),
    (2017, 1847229701),
    (2017, 1847229801),
    (2017, 1847229802),
    (2017, 1847229901),
    (2017, 1847229902),
    (2017, 1847229903),
    (2018, 1847229904),
    (2018, 1847227001),
    (2018, 1847227101),
    (2018, 1847227201),
    (2018, 1847227202),
    (2018, 1847227301),
    (2018, 1847227302),
    (2018, 1847227303),
    (2018, 1847227401),
    (2018, 1847227402),
    (2018, 1847227403),
    (2018, 1847227501),
    (2018, 1847227502),
    (2018, 1847227503),
    (2018, 1847227601),
    (2018, 1847227602),
    (2018, 1847227701),
    (2018, 1847227801),
    (2018, 1847227901),    
    (2019, 1847229202),
    (2019, 1847229203),
    (2019, 1847229204),
    (2019, 1847229301),
    (2019, 1847229302),
    (2019, 1847229401),
    (2019, 1847229402),
    (2019, 1847229501),
    (2019, 1847229502),
    (2019, 1847229503),
    (2019, 1847229504),
    (2019, 1847229601),
    (2019, 1847229701),
    (2019, 1847229801),
    (2019, 1847229802),
    (2019, 1847229901),
    (2019, 1847229902),
    (2019, 1847229903),
    (2019, 1847229904),
    (2019, 1847227001),
    (2020, 1847227101),
    (2020, 1847227201),
    (2020, 1847227202),
    (2020, 1847227301),
    (2020, 1847227302),
    (2020, 1847227303),
    (2020, 1847227401),
    (2020, 1847227402),
    (2020, 1847227403),
    (2020, 1847227501),
    (2020, 1847227502),
    (2020, 1847227503),
    (2020, 1847227601),
    (2020, 1847227602),
    (2020, 1847227701),
    (2020, 1847227801),
    (2020, 1847227901);

    
    
    
    
    
    
    
	
    